epochs,loss,accuracy,model,fit_time,total_params
1,0.8198722964091016,0.6437086,CNN Conv2D:2,3.866154446601868,53882700
2,0.9222792284378153,0.61986756,CNN Conv2D:2,7.732308893203736,53882700
3,0.9229120126623191,0.6278146,CNN Conv2D:2,11.598463339805603,53882700
4,1.1589474449094557,0.62913907,CNN Conv2D:2,15.464617786407471,53882700
5,1.1694117547660474,0.6463576,CNN Conv2D:2,19.330772233009338,53882700
6,1.400083461660423,0.6490066,CNN Conv2D:2,23.196926679611206,53882700
7,1.3118964469985457,0.63841057,CNN Conv2D:2,27.063081126213074,53882700
8,1.4930701493427454,0.66490066,CNN Conv2D:2,30.929235572814942,53882700
9,1.605873127409954,0.6966888,CNN Conv2D:2,34.79539001941681,53882700
10,2.4359497045049605,0.66225165,CNN Conv2D:2,38.661544466018675,53882700
11,2.3882535101870532,0.69801325,CNN Conv2D:2,42.527698912620544,53882700
12,2.552928487433503,0.6768212,CNN Conv2D:2,46.39385335922241,53882700
13,2.985698809923715,0.6847682,CNN Conv2D:2,50.26000780582428,53882700
14,2.6933307488134366,0.7112583,CNN Conv2D:2,54.12616225242615,53882700
15,2.976229632510156,0.69801325,CNN Conv2D:2,57.99231669902802,53882700
16,2.9440133664399286,0.70463574,CNN Conv2D:2,61.858471145629885,53882700
17,3.00766814037331,0.70198673,CNN Conv2D:2,65.72462559223175,53882700
18,3.023784642123821,0.70331126,CNN Conv2D:2,69.59078003883361,53882700
19,3.1042953188734637,0.70066226,CNN Conv2D:2,73.45693448543548,53882700
20,3.115019795693926,0.70331126,CNN Conv2D:2,77.32308893203735,53882700
21,3.0892838978628006,0.70728475,CNN Conv2D:2,81.18924337863922,53882700
22,3.1861048485121586,0.70728475,CNN Conv2D:2,85.05539782524109,53882700
23,3.1504759465988776,0.7059603,CNN Conv2D:2,88.92155227184296,53882700
24,3.1777626949322366,0.70728475,CNN Conv2D:2,92.78770671844482,53882700
25,3.2001303353750097,0.7059603,CNN Conv2D:2,96.65386116504669,53882700
26,3.243372008033769,0.70728475,CNN Conv2D:2,100.52001561164856,53882700
27,3.273535659211219,0.70728475,CNN Conv2D:2,104.38617005825043,53882700
28,3.275993558273817,0.70728475,CNN Conv2D:2,108.2523245048523,53882700
29,3.3327136077028423,0.70728475,CNN Conv2D:2,112.11847895145416,53882700
30,3.3179251315098393,0.70728475,CNN Conv2D:2,115.98463339805603,53882700
31,3.3188100091835473,0.70728475,CNN Conv2D:2,119.8507878446579,53882700
32,3.388885135202713,0.70728475,CNN Conv2D:2,123.71694229125977,53882700
33,3.3993272678045376,0.70728475,CNN Conv2D:2,127.58309673786164,53882700
34,3.387081388651782,0.7059603,CNN Conv2D:2,131.4492511844635,53882700
35,3.385232072613404,0.70728475,CNN Conv2D:2,135.31540563106537,53882700
36,3.3942385022945945,0.70728475,CNN Conv2D:2,139.18156007766723,53882700
37,3.4173486024370865,0.70728475,CNN Conv2D:2,143.0477145242691,53882700
38,3.402205289794103,0.70728475,CNN Conv2D:2,146.91386897087096,53882700
39,3.48982031420012,0.7059603,CNN Conv2D:2,150.78002341747285,53882700
40,3.480657953292321,0.7059603,CNN Conv2D:2,154.6461778640747,53882700
41,3.4933837284983924,0.7059603,CNN Conv2D:2,158.51233231067658,53882700
42,3.5360840355870637,0.7059603,CNN Conv2D:2,162.37848675727844,53882700
43,3.5317437352221064,0.7059603,CNN Conv2D:2,166.24464120388032,53882700
44,3.540695552167335,0.70463574,CNN Conv2D:2,170.11079565048217,53882700
45,3.559901617228376,0.70463574,CNN Conv2D:2,173.97695009708406,53882700
46,3.5802732297303947,0.70463574,CNN Conv2D:2,177.8431045436859,53882700
47,3.6270462622735935,0.70463574,CNN Conv2D:2,181.7092589902878,53882700
48,3.5824515534984354,0.7059603,CNN Conv2D:2,185.57541343688965,53882700
49,3.619944680078849,0.70331126,CNN Conv2D:2,189.44156788349153,53882700
50,3.6253086467219373,0.7059603,CNN Conv2D:2,193.30772233009338,53882700
1,1.2193718717587705,0.49139073,CNN Conv2D:3 with_dropout,2.6121212339401243,7431684
2,0.8959553765934825,0.6225166,CNN Conv2D:3 with_dropout,5.224242467880249,7431684
3,0.8911845721156392,0.610596,CNN Conv2D:3 with_dropout,7.836363701820374,7431684
4,0.8723399371500836,0.6278146,CNN Conv2D:3 with_dropout,10.448484935760497,7431684
5,0.7364718324301258,0.69536424,CNN Conv2D:3 with_dropout,13.060606169700623,7431684
6,0.6903907891140868,0.72450334,CNN Conv2D:3 with_dropout,15.672727403640748,7431684
7,0.8028847999130653,0.70198673,CNN Conv2D:3 with_dropout,18.284848637580872,7431684
8,0.9006634274855355,0.70331126,CNN Conv2D:3 with_dropout,20.896969871520994,7431684
9,0.8007009163597562,0.72450334,CNN Conv2D:3 with_dropout,23.50909110546112,7431684
10,1.1655577002771642,0.7231788,CNN Conv2D:3 with_dropout,26.121212339401247,7431684
11,0.8533953206033896,0.78145695,CNN Conv2D:3 with_dropout,28.73333357334137,7431684
12,1.4555239740389072,0.7536424,CNN Conv2D:3 with_dropout,31.345454807281495,7431684
13,1.358438784081415,0.72450334,CNN Conv2D:3 with_dropout,33.95757604122162,7431684
14,1.2526636021026711,0.7324503,CNN Conv2D:3 with_dropout,36.569697275161744,7431684
15,1.622413967460986,0.70066226,CNN Conv2D:3 with_dropout,39.181818509101866,7431684
16,1.1580719217226303,0.7523179,CNN Conv2D:3 with_dropout,41.79393974304199,7431684
17,1.0814130802225592,0.7629139,CNN Conv2D:3 with_dropout,44.40606097698212,7431684
18,1.7406942021175726,0.7165563,CNN Conv2D:3 with_dropout,47.01818221092224,7431684
19,1.2809016359834284,0.7350993,CNN Conv2D:3 with_dropout,49.63030344486236,7431684
20,1.6243757004868116,0.74039733,CNN Conv2D:3 with_dropout,52.24242467880249,7431684
21,1.492938486262169,0.7509934,CNN Conv2D:3 with_dropout,54.854545912742616,7431684
22,1.432240419290861,0.7589404,CNN Conv2D:3 with_dropout,57.46666714668274,7431684
23,1.6636646456227002,0.7523179,CNN Conv2D:3 with_dropout,60.07878838062286,7431684
24,1.5484460074380533,0.7602649,CNN Conv2D:3 with_dropout,62.69090961456299,7431684
25,1.2817078465262786,0.7509934,CNN Conv2D:3 with_dropout,65.30303084850311,7431684
26,1.2573858106767895,0.77218544,CNN Conv2D:3 with_dropout,67.91515208244324,7431684
27,1.8420407933018028,0.7615894,CNN Conv2D:3 with_dropout,70.52727331638336,7431684
28,1.1592830526692615,0.75761586,CNN Conv2D:3 with_dropout,73.13939455032349,7431684
29,1.8421818160051049,0.7324503,CNN Conv2D:3 with_dropout,75.75151578426362,7431684
30,1.640447020787277,0.7536424,CNN Conv2D:3 with_dropout,78.36363701820373,7431684
31,2.3216707025660783,0.7165563,CNN Conv2D:3 with_dropout,80.97575825214386,7431684
32,1.5476029536958216,0.7708609,CNN Conv2D:3 with_dropout,83.58787948608398,7431684
33,2.6720003792781704,0.7218543,CNN Conv2D:3 with_dropout,86.20000072002411,7431684
34,1.914218716064949,0.7536424,CNN Conv2D:3 with_dropout,88.81212195396424,7431684
35,2.4188730867801618,0.74172187,CNN Conv2D:3 with_dropout,91.42424318790435,7431684
36,2.454260149084969,0.7284768,CNN Conv2D:3 with_dropout,94.03636442184448,7431684
37,1.7639729020611339,0.7682119,CNN Conv2D:3 with_dropout,96.64848565578461,7431684
38,2.583431208951226,0.70993376,CNN Conv2D:3 with_dropout,99.26060688972473,7431684
39,2.212485561320028,0.7086093,CNN Conv2D:3 with_dropout,101.87272812366486,7431684
40,2.2917338091966433,0.73907286,CNN Conv2D:3 with_dropout,104.48484935760499,7431684
41,1.8724453277047106,0.74834436,CNN Conv2D:3 with_dropout,107.0969705915451,7431684
42,1.9261948131731426,0.7615894,CNN Conv2D:3 with_dropout,109.70909182548523,7431684
43,2.1482329373348916,0.75761586,CNN Conv2D:3 with_dropout,112.32121305942536,7431684
44,1.7885460630957222,0.7668874,CNN Conv2D:3 with_dropout,114.93333429336548,7431684
45,2.2063722921122135,0.7496689,CNN Conv2D:3 with_dropout,117.5454555273056,7431684
46,3.6622354352584616,0.7231788,CNN Conv2D:3 with_dropout,120.15757676124572,7431684
47,2.3396708139125875,0.7377483,CNN Conv2D:3 with_dropout,122.76969799518585,7431684
48,2.1888490961062788,0.73907286,CNN Conv2D:3 with_dropout,125.38181922912598,7431684
49,2.309293936722178,0.74172187,CNN Conv2D:3 with_dropout,127.9939404630661,7431684
50,1.8217145669348045,0.7682119,CNN Conv2D:3 with_dropout,130.60606169700623,7431684
1,1.0276401424250066,0.5986755,CNN Conv2D:3,3.0139003944396974,7531524
2,0.8785005899454584,0.6278146,CNN Conv2D:3,6.027800788879395,7531524
3,0.8514222137185912,0.65695363,CNN Conv2D:3,9.041701183319091,7531524
4,0.8808144148611865,0.65827817,CNN Conv2D:3,12.05560157775879,7531524
5,0.912948844132834,0.6821192,CNN Conv2D:3,15.069501972198486,7531524
6,0.7847518265642077,0.70198673,CNN Conv2D:3,18.083402366638182,7531524
7,1.2459337081340764,0.6847682,CNN Conv2D:3,21.09730276107788,7531524
8,1.0973775691543983,0.70331126,CNN Conv2D:3,24.11120315551758,7531524
9,0.8975651477593065,0.73112583,CNN Conv2D:3,27.125103549957274,7531524
10,1.8587343999980301,0.70331126,CNN Conv2D:3,30.139003944396972,7531524
11,1.2339749597901146,0.72715235,CNN Conv2D:3,33.15290433883667,7531524
12,1.4600350596257392,0.6874172,CNN Conv2D:3,36.166804733276365,7531524
13,1.5988300613220163,0.7218543,CNN Conv2D:3,39.18070512771607,7531524
14,1.8568587852530922,0.69536424,CNN Conv2D:3,42.19460552215576,7531524
15,1.8604936838544757,0.6993377,CNN Conv2D:3,45.208505916595456,7531524
16,2.0329146069727395,0.7178808,CNN Conv2D:3,48.22240631103516,7531524
17,2.393776878388907,0.7165563,CNN Conv2D:3,51.23630670547485,7531524
18,2.6004874458030756,0.7178808,CNN Conv2D:3,54.25020709991455,7531524
19,2.6044547762746446,0.7178808,CNN Conv2D:3,57.26410749435425,7531524
20,2.9419849860081015,0.7139073,CNN Conv2D:3,60.278007888793944,7531524
21,2.791386096660566,0.7178808,CNN Conv2D:3,63.291908283233646,7531524
22,2.8881057890600816,0.7165563,CNN Conv2D:3,66.30580867767334,7531524
23,2.9069057899681443,0.7178808,CNN Conv2D:3,69.31970907211304,7531524
24,2.979271715968255,0.7178808,CNN Conv2D:3,72.33360946655273,7531524
25,2.9937848699593683,0.7205298,CNN Conv2D:3,75.34750986099243,7531524
26,3.1088730448684254,0.7152318,CNN Conv2D:3,78.36141025543213,7531524
27,3.121013561683084,0.7178808,CNN Conv2D:3,81.37531064987182,7531524
28,3.161941389569902,0.7192053,CNN Conv2D:3,84.38921104431152,7531524
29,3.1561591905489292,0.7192053,CNN Conv2D:3,87.40311143875122,7531524
30,3.254831927698661,0.7205298,CNN Conv2D:3,90.41701183319091,7531524
31,3.262426371965249,0.7205298,CNN Conv2D:3,93.43091222763061,7531524
32,3.2717284912107796,0.7205298,CNN Conv2D:3,96.44481262207032,7531524
33,3.325711286220305,0.7205298,CNN Conv2D:3,99.45871301651,7531524
34,3.359042257864633,0.7205298,CNN Conv2D:3,102.4726134109497,7531524
35,3.4021064569945416,0.7205298,CNN Conv2D:3,105.48651380538941,7531524
36,3.4105453408304727,0.7205298,CNN Conv2D:3,108.5004141998291,7531524
37,3.4310545373623205,0.7205298,CNN Conv2D:3,111.5143145942688,7531524
38,3.442295391435291,0.7205298,CNN Conv2D:3,114.5282149887085,7531524
39,3.4985591820689437,0.7218543,CNN Conv2D:3,117.5421153831482,7531524
40,3.5330773776703954,0.7218543,CNN Conv2D:3,120.55601577758789,7531524
41,3.5288144038603115,0.7218543,CNN Conv2D:3,123.56991617202759,7531524
42,3.601559049374615,0.7218543,CNN Conv2D:3,126.58381656646729,7531524
43,3.583469894447592,0.7218543,CNN Conv2D:3,129.59771696090698,7531524
44,3.6502058975134872,0.7218543,CNN Conv2D:3,132.61161735534668,7531524
45,3.6595471877453614,0.7218543,CNN Conv2D:3,135.62551774978638,7531524
46,3.6932478365227763,0.7205298,CNN Conv2D:3,138.63941814422608,7531524
47,3.7047424969190903,0.7218543,CNN Conv2D:3,141.65331853866576,7531524
48,3.726974731488061,0.7218543,CNN Conv2D:3,144.66721893310546,7531524
49,3.728739533885089,0.7218543,CNN Conv2D:3,147.68111932754516,7531524
50,3.7837501146460557,0.7218543,CNN Conv2D:3,150.69501972198486,7531524
1,6.0977846241944675,0.40397352,Deep learning,2.056089611053467,49157004
2,9.420465158626733,0.30198675,Deep learning,4.112179222106934,49157004
3,2.697591586460341,0.58145696,Deep learning,6.1682688331604005,49157004
4,3.801791657201502,0.3576159,Deep learning,8.224358444213868,49157004
5,2.928717709998816,0.5417219,Deep learning,10.280448055267334,49157004
6,1.2925286807761287,0.5615894,Deep learning,12.336537666320801,49157004
7,1.8302274565033565,0.397351,Deep learning,14.392627277374267,49157004
8,1.528921723286837,0.5350993,Deep learning,16.448716888427736,49157004
9,0.9905387701577698,0.62119204,Deep learning,18.5048064994812,49157004
10,0.9206017595253243,0.6450331,Deep learning,20.560896110534667,49157004
11,1.2097124102889307,0.58807945,Deep learning,22.616985721588136,49157004
12,1.2336368983944521,0.53642386,Deep learning,24.673075332641602,49157004
13,1.1789585697729856,0.55231786,Deep learning,26.729164943695068,49157004
14,1.7927708381059153,0.49139073,Deep learning,28.785254554748533,49157004
15,1.0416366466623268,0.60264903,Deep learning,30.841344165802003,49157004
16,1.7007228515006059,0.5655629,Deep learning,32.89743377685547,49157004
17,1.0596993741610192,0.592053,Deep learning,34.95352338790894,49157004
18,1.0658278653953248,0.63841057,Deep learning,37.0096129989624,49157004
19,0.8362100291725816,0.6662252,Deep learning,39.06570261001587,49157004
20,1.3724277747387919,0.5350993,Deep learning,41.121792221069335,49157004
21,1.040643121706729,0.6278146,Deep learning,43.1778818321228,49157004
22,1.0089840315825103,0.6450331,Deep learning,45.23397144317627,49157004
23,1.0919682149066041,0.6397351,Deep learning,47.29006105422974,49157004
24,1.1518810867473779,0.6317881,Deep learning,49.346150665283204,49157004
25,0.8471716760799585,0.65562916,Deep learning,51.40224027633667,49157004
26,1.0861507779715076,0.5615894,Deep learning,53.458329887390136,49157004
27,0.9091790257700232,0.6781457,Deep learning,55.5144194984436,49157004
28,1.110230947330298,0.61456954,Deep learning,57.57050910949707,49157004
29,1.24514318317767,0.6317881,Deep learning,59.62659872055054,49157004
30,1.0847148131061073,0.61192054,Deep learning,61.682688331604005,49157004
31,0.9679003677620793,0.6516556,Deep learning,63.73877794265747,49157004
32,0.9764725121441267,0.62649006,Deep learning,65.79486755371094,49157004
33,1.0339016036482047,0.6278146,Deep learning,67.85095716476441,49157004
34,1.0717524569555623,0.6251656,Deep learning,69.90704677581788,49157004
35,1.2164828609946547,0.6317881,Deep learning,71.96313638687134,49157004
36,1.1814498996103047,0.54966885,Deep learning,74.0192259979248,49157004
37,1.331285658261634,0.58410597,Deep learning,76.07531560897827,49157004
38,0.9759413046552645,0.61192054,Deep learning,78.13140522003174,49157004
39,1.21550318547432,0.52847683,Deep learning,80.1874948310852,49157004
40,1.1528463545224525,0.61192054,Deep learning,82.24358444213867,49157004
41,1.250958263321428,0.5271523,Deep learning,84.29967405319213,49157004
42,1.028670309237297,0.63841057,Deep learning,86.3557636642456,49157004
43,1.3744470475130524,0.49933776,Deep learning,88.41185327529907,49157004
44,0.845143587541896,0.67417216,Deep learning,90.46794288635255,49157004
45,0.8682496546120043,0.67152315,Deep learning,92.52403249740601,49157004
46,1.3360516888416365,0.5960265,Deep learning,94.58012210845948,49157004
47,0.9947420941283371,0.6635762,Deep learning,96.63621171951294,49157004
48,1.065430017733416,0.6450331,Deep learning,98.69230133056641,49157004
49,1.294272428632572,0.57483447,Deep learning,100.74839094161987,49157004
50,0.784755968415974,0.6966888,Deep learning,102.80448055267334,49157004
1,1.3294239161030346,0.3602649,keras_vgg16_model 128,16.17854548454285,14716740
2,1.3908306210246306,0.41192052,keras_vgg16_model 128,32.3570909690857,14716740
3,1.44423867614064,0.4794702,keras_vgg16_model 128,48.53563645362854,14716740
4,1.159222250426842,0.57880795,keras_vgg16_model 128,64.7141819381714,14716740
5,0.9472446403756047,0.62913907,keras_vgg16_model 128,80.89272742271423,14716740
6,1.1711214450810918,0.54569536,keras_vgg16_model 128,97.07127290725708,14716740
7,2.75011631810902,0.16423841,keras_vgg16_model 128,113.24981839179992,14716740
8,1.8774148489663143,0.45562914,keras_vgg16_model 128,129.4283638763428,14716740
9,1.3064467922741214,0.41854304,keras_vgg16_model 128,145.60690936088562,14716740
10,0.9215129746506546,0.6754967,keras_vgg16_model 128,161.78545484542846,14716740
11,1.173948311647832,0.5960265,keras_vgg16_model 128,177.96400032997133,14716740
12,0.9874007793451777,0.62384105,keras_vgg16_model 128,194.14254581451416,14716740
13,1.1348881536761657,0.6251656,keras_vgg16_model 128,210.321091299057,14716740
14,1.003194002363066,0.65695363,keras_vgg16_model 128,226.49963678359984,14716740
15,1.201867792622143,0.397351,keras_vgg16_model 128,242.6781822681427,14716740
16,0.8858051871621846,0.69139075,keras_vgg16_model 128,258.8567277526856,14716740
17,0.839907586219295,0.7178808,keras_vgg16_model 128,275.0352732372284,14716740
18,0.8348760849592701,0.6927152,keras_vgg16_model 128,291.21381872177125,14716740
19,1.2499277824992376,0.69403976,keras_vgg16_model 128,307.3923642063141,14716740
20,0.8067700011051254,0.7549669,keras_vgg16_model 128,323.5709096908569,14716740
21,1.2075499925194986,0.7284768,keras_vgg16_model 128,339.74945517539976,14716740
22,1.0496955672636727,0.74304634,keras_vgg16_model 128,355.92800065994265,14716740
23,2.636871110524563,0.69139075,keras_vgg16_model 128,372.1065461444855,14716740
24,1.105852594912447,0.7562914,keras_vgg16_model 128,388.28509162902833,14716740
25,1.2220389300821632,0.74569535,keras_vgg16_model 128,404.46363711357117,14716740
26,1.6549617981279132,0.66225165,keras_vgg16_model 128,420.642182598114,14716740
27,1.0196536786410193,0.7536424,keras_vgg16_model 128,436.82072808265684,14716740
28,1.020844243496459,0.74569535,keras_vgg16_model 128,452.9992735671997,14716740
29,1.4063136430222862,0.7324503,keras_vgg16_model 128,469.1778190517426,14716740
30,1.1716433186799484,0.74039733,keras_vgg16_model 128,485.3563645362854,14716740
31,1.5633433475374978,0.7377483,keras_vgg16_model 128,501.53491002082825,14716740
32,1.2589962049307215,0.73642385,keras_vgg16_model 128,517.7134555053711,14716740
33,1.4566836227545674,0.7152318,keras_vgg16_model 128,533.892000989914,14716740
34,1.5929040874132505,0.74834436,keras_vgg16_model 128,550.0705464744568,14716740
35,1.315220987599417,0.74304634,keras_vgg16_model 128,566.2490919589997,14716740
36,1.3776914735312344,0.7629139,keras_vgg16_model 128,582.4276374435425,14716740
37,1.9187441164837373,0.74304634,keras_vgg16_model 128,598.6061829280853,14716740
38,1.9310164005659052,0.73112583,keras_vgg16_model 128,614.7847284126282,14716740
39,2.3917299346823904,0.74172187,keras_vgg16_model 128,630.963273897171,14716740
40,2.6256380288176886,0.74172187,keras_vgg16_model 128,647.1418193817138,14716740
41,3.1154354434351696,0.7470199,keras_vgg16_model 128,663.3203648662567,14716740
42,1.0148650057268458,0.5986755,keras_vgg16_model 128,679.4989103507995,14716740
43,1.5974219295362764,0.7112583,keras_vgg16_model 128,695.6774558353424,14716740
44,1.3607588368338466,0.7350993,keras_vgg16_model 128,711.8560013198853,14716740
45,1.4602028973292658,0.7682119,keras_vgg16_model 128,728.0345468044281,14716740
46,1.0657542489891538,0.78145695,keras_vgg16_model 128,744.213092288971,14716740
47,1.6579069537437514,0.7589404,keras_vgg16_model 128,760.3916377735138,14716740
48,0.9734326280801502,0.7986755,keras_vgg16_model 128,776.5701832580567,14716740
49,1.7763220327723206,0.7549669,keras_vgg16_model 128,792.7487287425995,14716740
50,2.0424112652588424,0.74172187,keras_vgg16_model 128,808.9272742271423,14716740
1,1.2583125087899767,0.7536424,keras_xception_model 128,21.819267349243162,20869676
2,0.9849753283803037,0.7854305,keras_xception_model 128,43.638534698486325,20869676
3,3.192420267028251,0.7086093,keras_xception_model 128,65.45780204772949,20869676
4,451.1034256335126,0.24768212,keras_xception_model 128,87.27706939697265,20869676
5,0.9249987946338689,0.794702,keras_xception_model 128,109.09633674621583,20869676
6,2.282037532221162,0.7178808,keras_xception_model 128,130.91560409545897,20869676
7,1.4216413054985322,0.7509934,keras_xception_model 128,152.73487144470215,20869676
8,4.834250385556,0.43046358,keras_xception_model 128,174.5541387939453,20869676
9,0.845898554358471,0.83178806,keras_xception_model 128,196.37340614318848,20869676
10,14.278090796525905,0.35231787,keras_xception_model 128,218.19267349243165,20869676
11,3.3493806895134015,0.47019866,keras_xception_model 128,240.0119408416748,20869676
12,0.8539352732679701,0.81059605,keras_xception_model 128,261.83120819091795,20869676
13,0.8064867165137009,0.8370861,keras_xception_model 128,283.65047554016115,20869676
14,0.5762743694498049,0.81589407,keras_xception_model 128,305.4697428894043,20869676
15,0.6466871092256331,0.85827816,keras_xception_model 128,327.28901023864745,20869676
16,1.3610223524617833,0.8370861,keras_xception_model 128,349.1082775878906,20869676
17,0.8540227860508376,0.8635762,keras_xception_model 128,370.9275449371338,20869676
18,5.229667155316334,0.4688742,keras_xception_model 128,392.74681228637695,20869676
19,1.616589104448328,0.7735099,keras_xception_model 128,414.5660796356201,20869676
20,0.5333598117120503,0.8397351,keras_xception_model 128,436.3853469848633,20869676
21,1.2907768778453599,0.7682119,keras_xception_model 128,458.20461433410645,20869676
22,0.5940532160818034,0.84635764,keras_xception_model 128,480.0238816833496,20869676
23,0.7724823225172397,0.8370861,keras_xception_model 128,501.84314903259275,20869676
24,10.44861639667031,0.51655626,keras_xception_model 128,523.6624163818359,20869676
25,0.8252164676002172,0.8423841,keras_xception_model 128,545.4816837310791,20869676
26,1.5142945968160493,0.78145695,keras_xception_model 128,567.3009510803223,20869676
27,1.5968489532790684,0.7536424,keras_xception_model 128,589.1202184295654,20869676
28,0.5686793256773065,0.85298014,keras_xception_model 128,610.9394857788086,20869676
29,0.8925712009796268,0.8384106,keras_xception_model 128,632.7587531280518,20869676
30,0.8598659297075147,0.8370861,keras_xception_model 128,654.5780204772949,20869676
31,1.0876795531898145,0.7708609,keras_xception_model 128,676.3972878265381,20869676
32,0.9210291136412354,0.80794704,keras_xception_model 128,698.2165551757812,20869676
33,0.594298071614297,0.84635764,keras_xception_model 128,720.0358225250244,20869676
34,1.2644171132325637,0.797351,keras_xception_model 128,741.8550898742676,20869676
35,1.4519570542361806,0.81059605,keras_xception_model 128,763.6743572235107,20869676
36,1.6129224971111302,0.8344371,keras_xception_model 128,785.4936245727539,20869676
37,2.4606432915177963,0.7350993,keras_xception_model 128,807.3128919219971,20869676
38,2.2334085958739602,0.66225165,keras_xception_model 128,829.1321592712402,20869676
39,1.5504994196114161,0.8039735,keras_xception_model 128,850.9514266204834,20869676
40,1.147240974384033,0.8331126,keras_xception_model 128,872.7706939697266,20869676
41,1.0360435333583935,0.7470199,keras_xception_model 128,894.5899613189697,20869676
42,1.1991475221990848,0.8066225,keras_xception_model 128,916.4092286682129,20869676
43,1.1978381496430193,0.79072845,keras_xception_model 128,938.2284960174561,20869676
44,1.1812216356347334,0.79337746,keras_xception_model 128,960.0477633666992,20869676
45,0.924095900568286,0.81589407,keras_xception_model 128,981.8670307159424,20869676
46,1.6512401137374757,0.79602647,keras_xception_model 128,1003.6862980651855,20869676
47,1.5482183906205758,0.8092715,keras_xception_model 128,1025.5055654144287,20869676
48,0.7713218461423701,0.8490066,keras_xception_model 128,1047.3248327636718,20869676
49,1.7687489838204518,0.7986755,keras_xception_model 128,1069.144100112915,20869676
50,1.1429338496894035,0.82913905,keras_xception_model 128,1090.9633674621582,20869676
1,1.34091927673643,0.3602649,keras_vgg19_model 128,18.806946024894714,20026436
2,1.3389584070799367,0.3602649,keras_vgg19_model 128,37.61389204978943,20026436
3,1.3431636488200813,0.3602649,keras_vgg19_model 128,56.42083807468414,20026436
4,1.3405410444499641,0.3602649,keras_vgg19_model 128,75.22778409957886,20026436
5,1.340461970638755,0.3602649,keras_vgg19_model 128,94.03473012447357,20026436
6,1.3379007367898297,0.3602649,keras_vgg19_model 128,112.84167614936828,20026436
7,1.3389567948335055,0.3602649,keras_vgg19_model 128,131.648622174263,20026436
8,1.3385366725605845,0.3602649,keras_vgg19_model 128,150.4555681991577,20026436
9,1.769681711070585,0.26092714,keras_vgg19_model 128,169.26251422405244,20026436
10,1.3474459548659672,0.3602649,keras_vgg19_model 128,188.06946024894714,20026436
11,1.3441413282558619,0.3602649,keras_vgg19_model 128,206.87640627384187,20026436
12,1.3366052095463734,0.3205298,keras_vgg19_model 128,225.68335229873657,20026436
13,1.3386635894017505,0.3602649,keras_vgg19_model 128,244.4902983236313,20026436
14,1.3383954884990161,0.3602649,keras_vgg19_model 128,263.297244348526,20026436
15,1.337505002053368,0.3602649,keras_vgg19_model 128,282.1041903734207,20026436
16,1.338183162070268,0.3602649,keras_vgg19_model 128,300.9111363983154,20026436
17,1.3378822162451334,0.3602649,keras_vgg19_model 128,319.71808242321015,20026436
18,1.337408133847824,0.3602649,keras_vgg19_model 128,338.5250284481049,20026436
19,1.337618362193076,0.3602649,keras_vgg19_model 128,357.33197447299955,20026436
20,1.3374839321666996,0.3602649,keras_vgg19_model 128,376.1389204978943,20026436
21,1.3372706135377188,0.3602649,keras_vgg19_model 128,394.945866522789,20026436
22,1.3373545158777804,0.3602649,keras_vgg19_model 128,413.75281254768373,20026436
23,1.3437101242558056,0.3602649,keras_vgg19_model 128,432.5597585725784,20026436
24,1.4192503063884003,0.3602649,keras_vgg19_model 128,451.36670459747313,20026436
25,1.3375093535871696,0.3602649,keras_vgg19_model 128,470.17365062236786,20026436
26,1.3383303937533044,0.3602649,keras_vgg19_model 128,488.9805966472626,20026436
27,1.3380974509068673,0.3602649,keras_vgg19_model 128,507.7875426721573,20026436
28,1.3376463555342315,0.3602649,keras_vgg19_model 128,526.594488697052,20026436
29,1.3370124467950784,0.3602649,keras_vgg19_model 128,545.4014347219468,20026436
30,1.3375472199837892,0.3602649,keras_vgg19_model 128,564.2083807468414,20026436
31,1.338483344008591,0.3602649,keras_vgg19_model 128,583.0153267717361,20026436
32,1.337883864333298,0.3602649,keras_vgg19_model 128,601.8222727966308,20026436
33,1.338298266928717,0.3602649,keras_vgg19_model 128,620.6292188215256,20026436
34,1.3396079600252062,0.3602649,keras_vgg19_model 128,639.4361648464203,20026436
35,1.3371947798507893,0.3602649,keras_vgg19_model 128,658.243110871315,20026436
36,1.3374715377163413,0.3602649,keras_vgg19_model 128,677.0500568962098,20026436
37,1.3376374639422688,0.3602649,keras_vgg19_model 128,695.8570029211045,20026436
38,1.3371846268508607,0.3602649,keras_vgg19_model 128,714.6639489459991,20026436
39,1.3377091369881535,0.3602649,keras_vgg19_model 128,733.4708949708938,20026436
40,1.3371027318057636,0.3602649,keras_vgg19_model 128,752.2778409957886,20026436
41,1.3372382115054604,0.3602649,keras_vgg19_model 128,771.0847870206833,20026436
42,1.3391233829473028,0.3602649,keras_vgg19_model 128,789.891733045578,20026436
43,1.341328661647064,0.3602649,keras_vgg19_model 128,808.6986790704727,20026436
44,1.3374942602700746,0.3602649,keras_vgg19_model 128,827.5056250953675,20026436
45,1.3293494614544294,0.3602649,keras_vgg19_model 128,846.3125711202622,20026436
46,1.3384727593289305,0.3602649,keras_vgg19_model 128,865.1195171451568,20026436
47,1.3379892300296303,0.3602649,keras_vgg19_model 128,883.9264631700515,20026436
48,3.0708135255125186,0.14304636,keras_vgg19_model 128,902.7334091949463,20026436
49,1.3374183007423452,0.3602649,keras_vgg19_model 128,921.540355219841,20026436
50,1.337978677560162,0.3602649,keras_vgg19_model 128,940.3473012447357,20026436
1,1.340852304325988,0.3602649,keras_vgg19_model 128,16.13012867450714,20026436
2,1.3676009983416424,0.26092714,keras_vgg19_model 128,32.26025734901428,20026436
3,1.4282066545739078,0.119205296,keras_vgg19_model 128,48.39038602352142,20026436
4,1.497552111133045,0.15496689,keras_vgg19_model 128,64.52051469802856,20026436
5,1.5699553833892015,0.4317881,keras_vgg19_model 128,80.65064337253571,20026436
6,1.5386876903622355,0.4476821,keras_vgg19_model 128,96.78077204704284,20026436
7,1.2290531619495113,0.49801326,keras_vgg19_model 128,112.91090072155,20026436
8,1.2362551283362686,0.5059603,keras_vgg19_model 128,129.04102939605713,20026436
9,1.170451628767102,0.5218543,keras_vgg19_model 128,145.17115807056427,20026436
10,1.1473675770475376,0.54569536,keras_vgg19_model 128,161.30128674507142,20026436
11,1.2373328491551987,0.46225166,keras_vgg19_model 128,177.43141541957854,20026436
12,0.9812213652970775,0.60264903,keras_vgg19_model 128,193.5615440940857,20026436
13,1.1055272759980714,0.592053,keras_vgg19_model 128,209.69167276859284,20026436
14,1.4624564893987795,0.37218544,keras_vgg19_model 128,225.8218014431,20026436
15,1.189813147633281,0.5231788,keras_vgg19_model 128,241.9519301176071,20026436
16,0.911246334322241,0.6278146,keras_vgg19_model 128,258.08205879211425,20026436
17,1.7122146822758857,0.24503312,keras_vgg19_model 128,274.2121874666214,20026436
18,1.161106787927893,0.5602649,keras_vgg19_model 128,290.34231614112855,20026436
19,1.0379015306763302,0.62913907,keras_vgg19_model 128,306.4724448156357,20026436
20,0.9277998662152828,0.6450331,keras_vgg19_model 128,322.60257349014285,20026436
21,1.6559419066700714,0.30463576,keras_vgg19_model 128,338.73270216464994,20026436
22,0.9813430419820823,0.62119204,keras_vgg19_model 128,354.8628308391571,20026436
23,1.0246836857290458,0.613245,keras_vgg19_model 128,370.99295951366423,20026436
24,0.9834952919688446,0.6225166,keras_vgg19_model 128,387.1230881881714,20026436
25,0.8893006143980469,0.6344371,keras_vgg19_model 128,403.2532168626785,20026436
26,1.1196791898335843,0.6039735,keras_vgg19_model 128,419.3833455371857,20026436
27,0.8408631836341707,0.6834437,keras_vgg19_model 128,435.5134742116928,20026436
28,1.146965849162727,0.607947,keras_vgg19_model 128,451.6436028862,20026436
29,0.8823373969027538,0.6874172,keras_vgg19_model 128,467.7737315607071,20026436
30,0.9680016576849072,0.66490066,keras_vgg19_model 128,483.9038602352142,20026436
31,3.1715187742220645,0.23046358,keras_vgg19_model 128,500.03398890972136,20026436
32,0.9900130033493042,0.65960264,keras_vgg19_model 128,516.1641175842285,20026436
33,0.9367143473088346,0.65960264,keras_vgg19_model 128,532.2942462587357,20026436
34,0.9107821029543087,0.6847682,keras_vgg19_model 128,548.4243749332428,20026436
35,0.9645714267989658,0.6794702,keras_vgg19_model 128,564.5545036077499,20026436
36,1.0015353722288118,0.6966888,keras_vgg19_model 128,580.6846322822571,20026436
37,0.9623904122422073,0.6847682,keras_vgg19_model 128,596.8147609567642,20026436
38,0.8262099517891739,0.7086093,keras_vgg19_model 128,612.9448896312714,20026436
39,0.9072064108406471,0.69536424,keras_vgg19_model 128,629.0750183057785,20026436
40,0.8384006939186955,0.7178808,keras_vgg19_model 128,645.2051469802857,20026436
41,0.9229775437456094,0.6993377,keras_vgg19_model 128,661.3352756547928,20026436
42,0.9543658383634707,0.70728475,keras_vgg19_model 128,677.4654043292999,20026436
43,0.9651609333145698,0.7059603,keras_vgg19_model 128,693.5955330038071,20026436
44,0.9487820142152293,0.7231788,keras_vgg19_model 128,709.7256616783142,20026436
45,1.1554771890308684,0.6357616,keras_vgg19_model 128,725.8557903528214,20026436
46,1.1416300582569956,0.67417216,keras_vgg19_model 128,741.9859190273285,20026436
47,0.898464649323596,0.72715235,keras_vgg19_model 128,758.1160477018357,20026436
48,0.8601443504655598,0.6993377,keras_vgg19_model 128,774.2461763763428,20026436
49,1.005839896873133,0.70198673,keras_vgg19_model 128,790.37630505085,20026436
50,0.9463024254666259,0.70993376,keras_vgg19_model 128,806.506433725357,20026436
1,2.3542098983234125,0.26092714,resnet50_model 128,13.397787256240845,23620484
2,3.103821847928281,0.2768212,resnet50_model 128,26.79557451248169,23620484
3,3.953471199092486,0.24900663,resnet50_model 128,40.19336176872253,23620484
4,6.550029194907637,0.40529802,resnet50_model 128,53.59114902496338,23620484
5,74.49423644211119,0.42649007,resnet50_model 128,66.98893628120422,23620484
6,3.744370532509507,0.5205298,resnet50_model 128,80.38672353744506,23620484
7,31.667641309436583,0.18807948,resnet50_model 128,93.78451079368591,23620484
8,1.4952633725096849,0.46092716,resnet50_model 128,107.18229804992676,23620484
9,0.7223627511831309,0.7218543,resnet50_model 128,120.5800853061676,23620484
10,0.8971939834932617,0.69139075,resnet50_model 128,133.97787256240844,23620484
11,0.997345766898812,0.7139073,resnet50_model 128,147.3756598186493,23620484
12,0.8514803644837133,0.7443709,resnet50_model 128,160.77344707489013,23620484
13,0.8451401775246424,0.7801325,resnet50_model 128,174.171234331131,23620484
14,1.0720321410539135,0.73377484,resnet50_model 128,187.56902158737182,23620484
15,1.1330093810988577,0.7139073,resnet50_model 128,200.96680884361268,23620484
16,0.6783191639263898,0.77748346,resnet50_model 128,214.36459609985351,23620484
17,1.0981124812601417,0.7165563,resnet50_model 128,227.76238335609435,23620484
18,0.7480920542154881,0.77748346,resnet50_model 128,241.1601706123352,23620484
19,1.0457888919638088,0.7443709,resnet50_model 128,254.55795786857604,23620484
20,1.0099995004617615,0.74834436,resnet50_model 128,267.9557451248169,23620484
21,1.0454847404498928,0.7231788,resnet50_model 128,281.35353238105773,23620484
22,3.0260468089817376,0.42384106,resnet50_model 128,294.7513196372986,23620484
23,1.016436478870594,0.7086093,resnet50_model 128,308.14910689353945,23620484
24,111.96965467440371,0.20132451,resnet50_model 128,321.54689414978026,23620484
25,1.3282710803018896,0.7059603,resnet50_model 128,334.9446814060211,23620484
26,1.4612331207224865,0.6807947,resnet50_model 128,348.342468662262,23620484
27,8.51139090329606,0.61456954,resnet50_model 128,361.7402559185028,23620484
28,1.6128530644028392,0.618543,resnet50_model 128,375.13804317474364,23620484
29,1.0510672609537643,0.7708609,resnet50_model 128,388.5358304309845,23620484
30,1.4218850279485942,0.7284768,resnet50_model 128,401.93361768722536,23620484
31,1.632383116191586,0.7152318,resnet50_model 128,415.33140494346617,23620484
32,3.498378664531455,0.38278145,resnet50_model 128,428.72919219970703,23620484
33,3.33796606379629,0.4,resnet50_model 128,442.1269794559479,23620484
34,1.3027334139491153,0.74834436,resnet50_model 128,455.5247667121887,23620484
35,1.4891925073099255,0.7298013,resnet50_model 128,468.92255396842955,23620484
36,3.8313758044842854,0.6225166,resnet50_model 128,482.3203412246704,23620484
37,1.3399091047759089,0.6768212,resnet50_model 128,495.7181284809113,23620484
38,1.0467257400222172,0.72450334,resnet50_model 128,509.1159157371521,23620484
39,1.2243352952382422,0.73642385,resnet50_model 128,522.5137029933929,23620484
40,0.9592541145765229,0.77218544,resnet50_model 128,535.9114902496337,23620484
41,1.3385617872342368,0.7443709,resnet50_model 128,549.3092775058747,23620484
42,1.2825653170907734,0.69139075,resnet50_model 128,562.7070647621155,23620484
43,1.2208832407974644,0.73642385,resnet50_model 128,576.1048520183563,23620484
44,1.0798246405377294,0.78145695,resnet50_model 128,589.5026392745972,23620484
45,1.3933247398757778,0.7231788,resnet50_model 128,602.900426530838,23620484
46,1.50359793991542,0.70993376,resnet50_model 128,616.2982137870789,23620484
47,1.3188815713206319,0.7496689,resnet50_model 128,629.6960010433197,23620484
48,1.4177081324061416,0.7615894,resnet50_model 128,643.0937882995605,23620484
49,1.1109149394815923,0.78410596,resnet50_model 128,656.4915755558014,23620484
50,1.2629127806459635,0.7682119,resnet50_model 128,669.8893628120422,23620484
1,3.6888818680845348,0.14304636,googlenet_model 128,6.427491044998169,5880914
2,3.6888818680845348,0.14304636,googlenet_model 128,12.854982089996337,5880914
3,3.6888818680845348,0.14304636,googlenet_model 128,19.282473134994508,5880914
4,3.6888818680845348,0.14304636,googlenet_model 128,25.709964179992674,5880914
5,3.6888818680845348,0.14304636,googlenet_model 128,32.137455224990845,5880914
6,3.6888818680845348,0.14304636,googlenet_model 128,38.564946269989015,5880914
7,3.6888818680845348,0.14304636,googlenet_model 128,44.992437314987185,5880914
8,3.6888818680845348,0.14304636,googlenet_model 128,51.41992835998535,5880914
9,3.6888818680845348,0.14304636,googlenet_model 128,57.84741940498352,5880914
10,3.6888818680845348,0.14304636,googlenet_model 128,64.27491044998169,5880914
11,3.6888818680845348,0.14304636,googlenet_model 128,70.70240149497985,5880914
12,3.6888818680845348,0.14304636,googlenet_model 128,77.12989253997803,5880914
13,3.6888818680845348,0.14304636,googlenet_model 128,83.5573835849762,5880914
14,3.6888818680845348,0.14304636,googlenet_model 128,89.98487462997437,5880914
15,3.6888818680845348,0.14304636,googlenet_model 128,96.41236567497253,5880914
16,3.6888818680845348,0.14304636,googlenet_model 128,102.8398567199707,5880914
17,3.6888818680845348,0.14304636,googlenet_model 128,109.26734776496887,5880914
18,3.6888818680845348,0.14304636,googlenet_model 128,115.69483880996704,5880914
19,3.6888818680845348,0.14304636,googlenet_model 128,122.12232985496522,5880914
20,3.6888818680845348,0.14304636,googlenet_model 128,128.54982089996338,5880914
21,3.6888818680845348,0.14304636,googlenet_model 128,134.97731194496154,5880914
22,3.6888818680845348,0.14304636,googlenet_model 128,141.4048029899597,5880914
23,3.6888818680845348,0.14304636,googlenet_model 128,147.8322940349579,5880914
24,3.6888818680845348,0.14304636,googlenet_model 128,154.25978507995606,5880914
25,3.6888818680845348,0.14304636,googlenet_model 128,160.68727612495422,5880914
26,3.6888818680845348,0.14304636,googlenet_model 128,167.1147671699524,5880914
27,3.6888818680845348,0.14304636,googlenet_model 128,173.54225821495055,5880914
28,3.6888818680845348,0.14304636,googlenet_model 128,179.96974925994874,5880914
29,3.6888818680845348,0.14304636,googlenet_model 128,186.3972403049469,5880914
30,3.6888818680845348,0.14304636,googlenet_model 128,192.82473134994507,5880914
31,3.6888818680845348,0.14304636,googlenet_model 128,199.25222239494323,5880914
32,3.6888818680845348,0.14304636,googlenet_model 128,205.6797134399414,5880914
33,3.6888818680845348,0.14304636,googlenet_model 128,212.1072044849396,5880914
34,3.6888818680845348,0.14304636,googlenet_model 128,218.53469552993775,5880914
35,3.6888818680845348,0.14304636,googlenet_model 128,224.9621865749359,5880914
36,3.6888818680845348,0.14304636,googlenet_model 128,231.38967761993408,5880914
37,3.6888818680845348,0.14304636,googlenet_model 128,237.81716866493224,5880914
38,3.6888818680845348,0.14304636,googlenet_model 128,244.24465970993043,5880914
39,3.6888818680845348,0.14304636,googlenet_model 128,250.6721507549286,5880914
40,3.6888818680845348,0.14304636,googlenet_model 128,257.09964179992676,5880914
41,3.6888818680845348,0.14304636,googlenet_model 128,263.52713284492495,5880914
42,3.6888818680845348,0.14304636,googlenet_model 128,269.9546238899231,5880914
43,3.6888818680845348,0.14304636,googlenet_model 128,276.3821149349213,5880914
44,3.6888818680845348,0.14304636,googlenet_model 128,282.8096059799194,5880914
45,3.6888818680845348,0.14304636,googlenet_model 128,289.2370970249176,5880914
46,3.6888818680845348,0.14304636,googlenet_model 128,295.6645880699158,5880914
47,3.6888818680845348,0.14304636,googlenet_model 128,302.09207911491393,5880914
48,3.6888818680845348,0.14304636,googlenet_model 128,308.5195701599121,5880914
49,3.6888818680845348,0.14304636,googlenet_model 128,314.94706120491026,5880914
50,3.6888818680845348,0.14304636,googlenet_model 128,321.37455224990845,5880914
1,0.8197695596328635,0.63841057,lenet_model 128,2.9259120988845826,25632080
2,0.7306946094462413,0.69403976,lenet_model 128,5.851824197769165,25632080
3,0.8212334274456201,0.70463574,lenet_model 128,8.777736296653748,25632080
4,1.3121186215356486,0.68609273,lenet_model 128,11.70364839553833,25632080
5,1.3873464028566878,0.70066226,lenet_model 128,14.629560494422913,25632080
6,1.0732981344721966,0.7549669,lenet_model 128,17.555472593307496,25632080
7,1.563308833608564,0.6847682,lenet_model 128,20.481384692192076,25632080
8,1.5649635220205547,0.7324503,lenet_model 128,23.40729679107666,25632080
9,1.711727191602799,0.7165563,lenet_model 128,26.33320888996124,25632080
10,1.8475626581552014,0.7152318,lenet_model 128,29.259120988845826,25632080
11,1.824929934101093,0.74569535,lenet_model 128,32.18503308773041,25632080
12,1.7356737964990123,0.7231788,lenet_model 128,35.11094518661499,25632080
13,1.8604540790153654,0.70463574,lenet_model 128,38.03685728549957,25632080
14,1.4094342478458455,0.7668874,lenet_model 128,40.96276938438415,25632080
15,2.3205262149011854,0.69801325,lenet_model 128,43.88868148326874,25632080
16,2.413650089919271,0.74304634,lenet_model 128,46.81459358215332,25632080
17,2.399230884780355,0.7470199,lenet_model 128,49.7405056810379,25632080
18,2.5593834061866367,0.7443709,lenet_model 128,52.66641777992248,25632080
19,2.60337924124636,0.7443709,lenet_model 128,55.59232987880707,25632080
20,2.5839208634779944,0.7443709,lenet_model 128,58.51824197769165,25632080
21,2.7007135454540614,0.74304634,lenet_model 128,61.44415407657623,25632080
22,2.7357590217167966,0.7443709,lenet_model 128,64.37006617546082,25632080
23,2.8161677481581933,0.74569535,lenet_model 128,67.2959782743454,25632080
24,2.7673648057776865,0.7470199,lenet_model 128,70.22189037322998,25632080
25,2.773903766612442,0.74569535,lenet_model 128,73.14780247211456,25632080
26,2.810780006955495,0.7470199,lenet_model 128,76.07371457099914,25632080
27,2.8190325006953634,0.7443709,lenet_model 128,78.99962666988372,25632080
28,2.837178921803141,0.74569535,lenet_model 128,81.9255387687683,25632080
29,2.8401624491117547,0.7443709,lenet_model 128,84.85145086765289,25632080
30,2.8816513132032573,0.7470199,lenet_model 128,87.77736296653748,25632080
31,2.8804113823044677,0.7470199,lenet_model 128,90.70327506542206,25632080
32,2.904732912338481,0.74569535,lenet_model 128,93.62918716430664,25632080
33,2.926457245926687,0.7443709,lenet_model 128,96.55509926319122,25632080
34,2.931536161866261,0.7443709,lenet_model 128,99.4810113620758,25632080
35,2.9603681909894903,0.74569535,lenet_model 128,102.40692346096039,25632080
36,2.9545072518116395,0.74172187,lenet_model 128,105.33283555984497,25632080
37,2.9733229212043497,0.74304634,lenet_model 128,108.25874765872955,25632080
38,3.0419171838762105,0.7470199,lenet_model 128,111.18465975761414,25632080
39,3.0257269122699486,0.7443709,lenet_model 128,114.11057185649872,25632080
40,3.0375596656642903,0.7443709,lenet_model 128,117.0364839553833,25632080
41,3.0477740334784795,0.7443709,lenet_model 128,119.96239605426788,25632080
42,3.041535418527509,0.7443709,lenet_model 128,122.88830815315247,25632080
43,3.047303122647156,0.7443709,lenet_model 128,125.81422025203705,25632080
44,3.094909966315778,0.74569535,lenet_model 128,128.74013235092164,25632080
45,3.075803411030365,0.7443709,lenet_model 128,131.6660444498062,25632080
46,3.1233457910445894,0.7443709,lenet_model 128,134.5919565486908,25632080
47,3.135136560844689,0.7443709,lenet_model 128,137.51786864757537,25632080
48,3.129206850678839,0.7443709,lenet_model 128,140.44378074645996,25632080
49,3.166569135056204,0.7443709,lenet_model 128,143.36969284534453,25632080
50,3.1629604396737174,0.7443709,lenet_model 128,146.29560494422913,25632080
1,1.3390544556624053,0.3602649,alexnet_model 128,34.11940043449402,293069068
2,1.337490970409469,0.3602649,alexnet_model 128,68.23880086898804,293069068
3,1.338946418099056,0.3602649,alexnet_model 128,102.35820130348206,293069068
4,1.3377205185542833,0.3602649,alexnet_model 128,136.47760173797607,293069068
5,1.3376481515682297,0.3602649,alexnet_model 128,170.5970021724701,293069068
6,1.3373634687322655,0.3602649,alexnet_model 128,204.71640260696412,293069068
7,1.337238853656693,0.3602649,alexnet_model 128,238.83580304145812,293069068
8,1.3380669765914512,0.3602649,alexnet_model 128,272.95520347595215,293069068
9,1.3430391077963721,0.3602649,alexnet_model 128,307.07460391044617,293069068
10,1.3391399416702472,0.3602649,alexnet_model 128,341.1940043449402,293069068
11,1.3379176692457388,0.3602649,alexnet_model 128,375.3134047794342,293069068
12,1.3379466064718386,0.3602649,alexnet_model 128,409.43280521392825,293069068
13,1.3373422276894777,0.3602649,alexnet_model 128,443.5522056484222,293069068
14,1.3378513764071938,0.3602649,alexnet_model 128,477.67160608291624,293069068
15,1.3377880923795384,0.3602649,alexnet_model 128,511.79100651741027,293069068
16,1.3373335986737385,0.3602649,alexnet_model 128,545.9104069519043,293069068
17,1.3380887018923728,0.3602649,alexnet_model 128,580.0298073863983,293069068
18,1.33780515999194,0.3602649,alexnet_model 128,614.1492078208923,293069068
19,1.337660490124431,0.3602649,alexnet_model 128,648.2686082553863,293069068
20,1.337431791602381,0.3602649,alexnet_model 128,682.3880086898804,293069068
21,1.3372669234181083,0.3602649,alexnet_model 128,716.5074091243744,293069068
22,1.3373053133882433,0.3602649,alexnet_model 128,750.6268095588684,293069068
23,1.3377777055399307,0.3602649,alexnet_model 128,784.7462099933624,293069068
24,1.3373678597393415,0.3602649,alexnet_model 128,818.8656104278565,293069068
25,1.3377594843605496,0.3602649,alexnet_model 128,852.9850108623505,293069068
26,1.3372349227501068,0.3602649,alexnet_model 128,887.1044112968444,293069068
27,1.3372812577430775,0.3602649,alexnet_model 128,921.2238117313385,293069068
28,1.3373623737436258,0.3602649,alexnet_model 128,955.3432121658325,293069068
29,1.3373651731882663,0.3602649,alexnet_model 128,989.4626126003266,293069068
30,1.337207391088372,0.3602649,alexnet_model 128,1023.5820130348205,293069068
31,1.3373386599370185,0.3602649,alexnet_model 128,1057.7014134693145,293069068
32,1.3373682127883102,0.3602649,alexnet_model 128,1091.8208139038086,293069068
33,1.3382013121977547,0.3602649,alexnet_model 128,1125.9402143383027,293069068
34,1.3375133890189872,0.3602649,alexnet_model 128,1160.0596147727965,293069068
35,1.3372145087513703,0.3602649,alexnet_model 128,1194.1790152072906,293069068
36,1.3373786064173212,0.3602649,alexnet_model 128,1228.2984156417847,293069068
37,1.3372113553104021,0.3602649,alexnet_model 128,1262.4178160762788,293069068
38,1.337426430026427,0.3602649,alexnet_model 128,1296.5372165107726,293069068
39,1.3374637985861064,0.3602649,alexnet_model 128,1330.6566169452667,293069068
40,1.3372307827930576,0.3602649,alexnet_model 128,1364.7760173797608,293069068
41,1.3374898601051988,0.3602649,alexnet_model 128,1398.8954178142549,293069068
42,1.3371919748798902,0.3602649,alexnet_model 128,1433.0148182487487,293069068
43,1.3372646421786176,0.3602649,alexnet_model 128,1467.1342186832428,293069068
44,1.337753795630095,0.3602649,alexnet_model 128,1501.253619117737,293069068
45,1.337402708325165,0.3602649,alexnet_model 128,1535.3730195522307,293069068
46,1.3373572177444861,0.3602649,alexnet_model 128,1569.4924199867248,293069068
47,1.3373770259074027,0.3602649,alexnet_model 128,1603.611820421219,293069068
48,1.3374389837909217,0.3602649,alexnet_model 128,1637.731220855713,293069068
49,1.3373604438162798,0.3602649,alexnet_model 128,1671.8506212902068,293069068
50,1.3373076925214553,0.3602649,alexnet_model 128,1705.970021724701,293069068
